"stage","type","severity","term","est_mean","est_sd","true","clean_est_mean","diff_from_clean"
"clean","clean","none","crefo",0.133986673586543,0.0966817115790855,0.3,0.133986673586543,0
"prepared","impl","mild","crefo",1.01456763099231,0.100838012365162,0.3,0.133986673586543,0.880580957405763
"impaired","impl","mild","crefo",1.1594949140945,0.0325700722313572,0.3,0.133986673586543,1.02550824050796
"prepared","impl","severe","crefo",1.16743704550302,0.0311943134496531,0.3,0.133986673586543,1.03345037191648
"impaired","impl","severe","crefo",1.15929148428121,0.0315938320989745,0.3,0.133986673586543,1.02530481069467
"prepared","mar","mild","crefo",0.279720377236617,0.0754575867807498,0.3,0.133986673586543,0.145733703650075
"impaired","mar","mild","crefo",0.160960846088613,0.11496451289066,0.3,0.133986673586543,0.0269741725020701
"prepared","mar","severe","crefo",0.156143179169899,0.0910721211759285,0.3,0.133986673586543,0.0221565055833563
"impaired","mar","severe","crefo",0.155651763334517,0.104531049771028,0.3,0.133986673586543,0.0216650897479746
"prepared","mcar","mild","crefo",0.493729643390218,0.0836628227317567,0.3,0.133986673586543,0.359742969803676
"impaired","mcar","mild","crefo",0.13825672332061,0.0953434824545452,0.3,0.133986673586543,0.00427004973406797
"prepared","mcar","severe","crefo",0.749553840287517,0.0652413442752059,0.3,0.133986673586543,0.615567166700974
"impaired","mcar","severe","crefo",0.0239540197133306,0.187125025054245,0.3,0.133986673586543,-0.110032653873212
"prepared","mnar","mild","crefo",0.454482013062056,0.084744454782334,0.3,0.133986673586543,0.320495339475513
"impaired","mnar","mild","crefo",0.178141733978198,0.107976383550938,0.3,0.133986673586543,0.0441550603916556
"prepared","mnar","severe","crefo",0.52249225591769,0.0949939415424649,0.3,0.133986673586543,0.388505582331147
"impaired","mnar","severe","crefo",0.230579790114327,0.140645312657468,0.3,0.133986673586543,0.0965931165277842
"prepared","noise","mild","crefo",0.434315718977008,0.0865992610827884,0.3,0.133986673586543,0.300329045390465
"impaired","noise","mild","crefo",0.25289890924788,0.0922884985904749,0.3,0.133986673586543,0.118912235661337
"prepared","noise","severe","crefo",0.81014498048922,0.0460589060993233,0.3,0.133986673586543,0.676158306902678
"impaired","noise","severe","crefo",0.724392665880462,0.0447161221120257,0.3,0.133986673586543,0.590405992293919
"clean","clean","none","debt_to_equity",0.429572432676682,0.0434391556114218,0.4,0.429572432676682,0
"prepared","impl","mild","debt_to_equity",0.109890943223132,0.0851084678352369,0.4,0.429572432676682,-0.31968148945355
"impaired","impl","mild","debt_to_equity",0.00318958994778812,0.00546004048878087,0.4,0.429572432676682,-0.426382842728894
"prepared","impl","severe","debt_to_equity",0.0114365131712154,0.00584022312927191,0.4,0.429572432676682,-0.418135919505467
"impaired","impl","severe","debt_to_equity",0.00248511907467724,0.003111814730297,0.4,0.429572432676682,-0.427087313602005
"prepared","mar","mild","debt_to_equity",0.503984932133701,0.0486538836843828,0.4,0.429572432676682,0.0744124994570189
"impaired","mar","mild","debt_to_equity",0.418124651524924,0.0515081564551055,0.4,0.429572432676682,-0.0114477811517578
"prepared","mar","severe","debt_to_equity",0.571754937681189,0.038168824318792,0.4,0.429572432676682,0.142182505004507
"impaired","mar","severe","debt_to_equity",0.414932303795417,0.0548581940500074,0.4,0.429572432676682,-0.0146401288812652
"prepared","mcar","mild","debt_to_equity",0.401901558527171,0.0570941712610911,0.4,0.429572432676682,-0.0276708741495109
"impaired","mcar","mild","debt_to_equity",0.435673577740576,0.0411811320993106,0.4,0.429572432676682,0.00610114506389409
"prepared","mcar","severe","debt_to_equity",0.307308926533715,0.0502465615047643,0.4,0.429572432676682,-0.122263506142968
"impaired","mcar","severe","debt_to_equity",0.476382949526657,0.0793766944794544,0.4,0.429572432676682,0.0468105168499747
"prepared","mnar","mild","debt_to_equity",0.454343968264984,0.0454067656973505,0.4,0.429572432676682,0.0247715355883014
"impaired","mnar","mild","debt_to_equity",0.414702205482073,0.0504157782344701,0.4,0.429572432676682,-0.014870227194609
"prepared","mnar","severe","debt_to_equity",0.448231678166424,0.0489851044634404,0.4,0.429572432676682,0.018659245489742
"impaired","mnar","severe","debt_to_equity",0.401753452964099,0.0662165602135585,0.4,0.429572432676682,-0.0278189797125831
"prepared","noise","mild","debt_to_equity",0.395216142926764,0.0477116187171808,0.4,0.429572432676682,-0.0343562897499184
"impaired","noise","mild","debt_to_equity",0.378630826513505,0.0448131827652465,0.4,0.429572432676682,-0.0509416061631774
"prepared","noise","severe","debt_to_equity",0.17624008836122,0.0293477841902019,0.4,0.429572432676682,-0.253332344315462
"impaired","noise","severe","debt_to_equity",0.182998012504886,0.0215664944687693,0.4,0.429572432676682,-0.246574420171796
"clean","clean","none","firm_age",-0.106386791934536,0.0469695459753784,-0.2,-0.106386791934536,0
"prepared","impl","mild","firm_age",-0.0883862580927142,0.0278698782225662,-0.2,-0.106386791934536,0.0180005338418217
"impaired","impl","mild","firm_age",-0.120618508731965,0.0474571488135729,-0.2,-0.106386791934536,-0.0142317167974293
"prepared","impl","severe","firm_age",-0.00197554545505349,0.00363783582322105,-0.2,-0.106386791934536,0.104411246479482
"impaired","impl","severe","firm_age",-0.120917050315047,0.0478822664383656,-0.2,-0.106386791934536,-0.0145302583805112
"prepared","mar","mild","firm_age",-0.108519790439811,0.0447787442903517,-0.2,-0.106386791934536,-0.00213299850527482
"impaired","mar","mild","firm_age",-0.115902620576702,0.0529904536588874,-0.2,-0.106386791934536,-0.00951582864216595
"prepared","mar","severe","firm_age",-0.114298334572155,0.0436452008258443,-0.2,-0.106386791934536,-0.00791154263761931
"impaired","mar","severe","firm_age",-0.117961069155135,0.0486345382076195,-0.2,-0.106386791934536,-0.0115742772205994
"prepared","mcar","mild","firm_age",-0.121156317008891,0.0432233736631279,-0.2,-0.106386791934536,-0.0147695250743549
"impaired","mcar","mild","firm_age",-0.0993893628942754,0.0400289366452461,-0.2,-0.106386791934536,0.00699742904026059
"prepared","mcar","severe","firm_age",-0.111300938761175,0.0481671317844435,-0.2,-0.106386791934536,-0.0049141468266387
"impaired","mcar","severe","firm_age",-0.161498345823225,0.116221326059102,-0.2,-0.106386791934536,-0.0551115538886886
"prepared","mnar","mild","firm_age",-0.0987087700874572,0.0454963539417722,-0.2,-0.106386791934536,0.00767802184707878
"impaired","mnar","mild","firm_age",-0.103728776452186,0.049420642738521,-0.2,-0.106386791934536,0.00265801548235035
"prepared","mnar","severe","firm_age",-0.0978596867521182,0.04561774088762,-0.2,-0.106386791934536,0.0085271051824178
"impaired","mnar","severe","firm_age",-0.106992210537634,0.0571999207933103,-0.2,-0.106386791934536,-0.000605418603098387
"prepared","noise","mild","firm_age",-0.106628428587583,0.0452987089337034,-0.2,-0.106386791934536,-0.00024163665304705
"impaired","noise","mild","firm_age",-0.108546862011112,0.0470895459972913,-0.2,-0.106386791934536,-0.00216007007657597
"prepared","noise","severe","firm_age",-0.115245213541687,0.0492276041448094,-0.2,-0.106386791934536,-0.00885842160715054
"impaired","noise","severe","firm_age",-0.120002343249219,0.0486899014744522,-0.2,-0.106386791934536,-0.013615551314683
"clean","clean","none","intercept",-4.16322598120029,0.0725070686981024,-3.9,-4.16322598120029,0
"prepared","impl","mild","intercept",-4.25924506803734,0.0702308333563414,-3.9,-4.16322598120029,-0.0960190868370532
"impaired","impl","mild","intercept",-4.29848734127755,0.0639226582875008,-3.9,-4.16322598120029,-0.135261360077262
"prepared","impl","severe","intercept",-4.31276690777108,0.0623289848087661,-3.9,-4.16322598120029,-0.149540926570798
"impaired","impl","severe","intercept",-4.29534843244991,0.0629608703182486,-3.9,-4.16322598120029,-0.132122451249619
"prepared","mar","mild","intercept",-4.19692349039561,0.0701226021760728,-3.9,-4.16322598120029,-0.0336975091953242
"impaired","mar","mild","intercept",-4.17020071653857,0.0738437490197017,-3.9,-4.16322598120029,-0.00697473533827964
"prepared","mar","severe","intercept",-4.18315289058577,0.0673571417280475,-3.9,-4.16322598120029,-0.0199269093854877
"impaired","mar","severe","intercept",-4.16283389792912,0.0655155347387498,-3.9,-4.16322598120029,0.000392083271167465
"prepared","mcar","mild","intercept",-4.22009363436768,0.0685566692149678,-3.9,-4.16322598120029,-0.0568676531673882
"impaired","mcar","mild","intercept",-4.13598194960264,0.0468905893767095,-3.9,-4.16322598120029,0.0272440315976512
"prepared","mcar","severe","intercept",-4.29656023215326,0.0835434020092848,-3.9,-4.16322598120029,-0.133334250952969
"impaired","mcar","severe","intercept",-4.26668069616986,0.111288968141571,-3.9,-4.16322598120029,-0.103454714969577
"prepared","mnar","mild","intercept",-4.2310466370373,0.0706570027039716,-3.9,-4.16322598120029,-0.0678206558370098
"impaired","mnar","mild","intercept",-4.19403296555747,0.0638078221422541,-3.9,-4.16322598120029,-0.030806984357187
"prepared","mnar","severe","intercept",-4.26360850991111,0.0667035314211115,-3.9,-4.16322598120029,-0.10038252871082
"impaired","mnar","severe","intercept",-4.27451521955781,0.0695880222588685,-3.9,-4.16322598120029,-0.11128923835752
"prepared","noise","mild","intercept",-4.20869706236408,0.0719241642577014,-3.9,-4.16322598120029,-0.0454710811637931
"impaired","noise","mild","intercept",-4.17927441253229,0.0719430476013641,-3.9,-4.16322598120029,-0.0160484313319991
"prepared","noise","severe","intercept",-4.25007503654886,0.0691704234205749,-3.9,-4.16322598120029,-0.0868490553485755
"impaired","noise","severe","intercept",-4.24091322204313,0.0685093242687016,-3.9,-4.16322598120029,-0.0776872408428444
"clean","clean","none","interest_cov",-0.320701838791557,0.0468947879726249,-0.3,-0.320701838791557,0
"prepared","impl","mild","interest_cov",-0.0214298253283132,0.0324413202558642,-0.3,-0.320701838791557,0.299272013463244
"impaired","impl","mild","interest_cov",-0.000841323859666926,0.00133809380901483,-0.3,-0.320701838791557,0.31986051493189
"prepared","impl","severe","interest_cov",-0.00124668639370764,0.00113615018956704,-0.3,-0.320701838791557,0.319455152397849
"impaired","impl","severe","interest_cov",-0.000558930985797897,0.000688948979504305,-0.3,-0.320701838791557,0.320142907805759
"prepared","mar","mild","interest_cov",-0.355244584110333,0.0376621547849931,-0.3,-0.320701838791557,-0.0345427453187759
"impaired","mar","mild","interest_cov",-0.318253498908193,0.0562745921888041,-0.3,-0.320701838791557,0.00244833988336368
"prepared","mar","severe","interest_cov",-0.396302815750684,0.0479372393902471,-0.3,-0.320701838791557,-0.0756009769591274
"impaired","mar","severe","interest_cov",-0.308623394703808,0.0533612806827651,-0.3,-0.320701838791557,0.0120784440877486
"prepared","mcar","mild","interest_cov",-0.294018929637806,0.0391792664023334,-0.3,-0.320701838791557,0.0266829091537513
"impaired","mcar","mild","interest_cov",-0.301033640508739,0.0442261481074305,-0.3,-0.320701838791557,0.0196681982828182
"prepared","mcar","severe","interest_cov",-0.241119549749208,0.0378680245248732,-0.3,-0.320701838791557,0.0795822890423488
"impaired","mcar","severe","interest_cov",-0.399577734288858,0.0786255223905907,-0.3,-0.320701838791557,-0.078875895497301
"prepared","mnar","mild","interest_cov",-0.252028234563614,0.0475150821829754,-0.3,-0.320701838791557,0.0686736042279428
"impaired","mnar","mild","interest_cov",-0.26883042277106,0.0533611557137006,-0.3,-0.320701838791557,0.0518714160204971
"prepared","mnar","severe","interest_cov",-0.209647504746487,0.0436599469364857,-0.3,-0.320701838791557,0.11105433404507
"impaired","mnar","severe","interest_cov",-0.192293241694553,0.0676727818921088,-0.3,-0.320701838791557,0.128408597097004
"prepared","noise","mild","interest_cov",-0.295787110763625,0.0402413104258957,-0.3,-0.320701838791557,0.0249147280279315
"impaired","noise","mild","interest_cov",-0.289661552297684,0.0398349333849286,-0.3,-0.320701838791557,0.0310402864938732
"prepared","noise","severe","interest_cov",-0.145673987899479,0.0211641119841073,-0.3,-0.320701838791557,0.175027850892078
"impaired","noise","severe","interest_cov",-0.148145767709743,0.0218617360869141,-0.3,-0.320701838791557,0.172556071081814
"clean","clean","none","log_assets",-0.279372980447618,0.0453661255165178,-0.2,-0.279372980447618,0
"prepared","impl","mild","log_assets",-0.0771203092030159,0.0454962389915361,-0.2,-0.279372980447618,0.202252671244602
"impaired","impl","mild","log_assets",-0.00433111532048898,0.0044197199384302,-0.2,-0.279372980447618,0.275041865127129
"prepared","impl","severe","log_assets",-0.00377512292786722,0.00191895555852151,-0.2,-0.279372980447618,0.27559785751975
"impaired","impl","severe","log_assets",-0.00255908245741217,0.00239237766018861,-0.2,-0.279372980447618,0.276813897990206
"prepared","mar","mild","log_assets",-0.247103389857778,0.0469723054499466,-0.2,-0.279372980447618,0.0322695905898397
"impaired","mar","mild","log_assets",-0.270957888546092,0.0474359638669958,-0.2,-0.279372980447618,0.00841509190152562
"prepared","mar","severe","log_assets",-0.276572701007724,0.0458339086513239,-0.2,-0.279372980447618,0.00280027943989386
"impaired","mar","severe","log_assets",-0.296554342678378,0.072595467972163,-0.2,-0.279372980447618,-0.0171813622307599
"prepared","mcar","mild","log_assets",-0.203884151465665,0.0406777978130173,-0.2,-0.279372980447618,0.0754888289819531
"impaired","mcar","mild","log_assets",-0.271674547109206,0.0613133565394453,-0.2,-0.279372980447618,0.00769843333841153
"prepared","mcar","severe","log_assets",-0.182625892601277,0.0590324763583383,-0.2,-0.279372980447618,0.0967470878463404
"impaired","mcar","severe","log_assets",-0.220675347913421,0.154794251611547,-0.2,-0.279372980447618,0.058697632534197
"prepared","mnar","mild","log_assets",-0.239688687359761,0.0501328012424726,-0.2,-0.279372980447618,0.039684293087857
"impaired","mnar","mild","log_assets",-0.268444599421981,0.057424391419366,-0.2,-0.279372980447618,0.010928381025637
"prepared","mnar","severe","log_assets",-0.243405704431594,0.0475218322711846,-0.2,-0.279372980447618,0.0359672760160235
"impaired","mnar","severe","log_assets",-0.260574797741773,0.109518799206968,-0.2,-0.279372980447618,0.0187981827058448
"prepared","noise","mild","log_assets",-0.197612787327004,0.0414020529738773,-0.2,-0.279372980447618,0.0817601931206136
"impaired","noise","mild","log_assets",-0.237940961698677,0.04203557402591,-0.2,-0.279372980447618,0.0414320187489409
"prepared","noise","severe","log_assets",-0.0944161424746039,0.0161531475520559,-0.2,-0.279372980447618,0.184956837973014
"impaired","noise","severe","log_assets",-0.100236178914273,0.0178871954679527,-0.2,-0.279372980447618,0.179136801533344
"clean","clean","none","sector_2",0.503113744647583,0.0859257295456231,0.4,0.503113744647583,0
"prepared","impl","mild","sector_2",0.178703241164866,0.106218541093126,0.4,0.503113744647583,-0.324410503482717
"impaired","impl","mild","sector_2",0.134211435579911,0.0886319011587958,0.4,0.503113744647583,-0.368902309067673
"prepared","impl","severe","sector_2",0.131250753854997,0.0910371829169376,0.4,0.503113744647583,-0.371862990792586
"impaired","impl","severe","sector_2",0.135535556890797,0.0906186810361364,0.4,0.503113744647583,-0.367578187756786
"prepared","mar","mild","sector_2",0.453655870390994,0.0894757996452557,0.4,0.503113744647583,-0.0494578742565894
"impaired","mar","mild","sector_2",0.509575344666261,0.0926050330112496,0.4,0.503113744647583,0.00646160001867724
"prepared","mar","severe","sector_2",0.507924735050304,0.0900640476736321,0.4,0.503113744647583,0.00481099040272026
"impaired","mar","severe","sector_2",0.475578557532073,0.0843565089166149,0.4,0.503113744647583,-0.0275351871155101
"prepared","mcar","mild","sector_2",0.368000326866969,0.0925377677529591,0.4,0.503113744647583,-0.135113417780615
"impaired","mcar","mild","sector_2",0.470455546803878,0.0874686171083119,0.4,0.503113744647583,-0.0326581978437056
"prepared","mcar","severe","sector_2",0.274950409342672,0.0828071249277711,0.4,0.503113744647583,-0.228163335304911
"impaired","mcar","severe","sector_2",0.707710086960855,0.1443368626167,0.4,0.503113744647583,0.204596342313271
"prepared","mnar","mild","sector_2",0.375568697163358,0.0860366577887905,0.4,0.503113744647583,-0.127545047484225
"impaired","mnar","mild","sector_2",0.49649092894691,0.0748215113938417,0.4,0.503113744647583,-0.0066228157006733
"prepared","mnar","severe","sector_2",0.35056002180673,0.0858036885067824,0.4,0.503113744647583,-0.152553722840854
"impaired","mnar","severe","sector_2",0.489306894927497,0.0980408487242633,0.4,0.503113744647583,-0.0138068497200863
"prepared","noise","mild","sector_2",0.39119790024623,0.0915496800024437,0.4,0.503113744647583,-0.111915844401354
"impaired","noise","mild","sector_2",0.462587544036036,0.0916083312755446,0.4,0.503113744647583,-0.0405262006115469
"prepared","noise","severe","sector_2",0.262226554079823,0.0958980004879294,0.4,0.503113744647583,-0.240887190567761
"impaired","noise","severe","sector_2",0.301847701753483,0.0913423177319299,0.4,0.503113744647583,-0.201266042894101
"clean","clean","none","sector_3",0.194585357992859,0.107616675534149,0.18,0.194585357992859,0
"prepared","impl","mild","sector_3",0.0200870967572754,0.118148525479617,0.18,0.194585357992859,-0.174498261235584
"impaired","impl","mild","sector_3",-0.01243408326918,0.111003948451823,0.18,0.194585357992859,-0.207019441262039
"prepared","impl","severe","sector_3",-0.0138947896172907,0.110130772107577,0.18,0.194585357992859,-0.20848014761015
"impaired","impl","severe","sector_3",-0.0124913596675081,0.111394877008217,0.18,0.194585357992859,-0.207076717660367
"prepared","mar","mild","sector_3",0.160502086944506,0.107599926487735,0.18,0.194585357992859,-0.0340832710483527
"impaired","mar","mild","sector_3",0.203672950276386,0.114352106470788,0.18,0.194585357992859,0.00908759228352665
"prepared","mar","severe","sector_3",0.184226950336948,0.110833511549773,0.18,0.194585357992859,-0.0103584076559113
"impaired","mar","severe","sector_3",0.170897084438066,0.111190616833499,0.18,0.194585357992859,-0.0236882735547929
"prepared","mcar","mild","sector_3",0.11589420280009,0.10858129132204,0.18,0.194585357992859,-0.0786911551927694
"impaired","mcar","mild","sector_3",0.167172399115652,0.127992985778176,0.18,0.194585357992859,-0.0274129588772073
"prepared","mcar","severe","sector_3",0.0694147669149227,0.104369776616661,0.18,0.194585357992859,-0.125170591077937
"impaired","mcar","severe","sector_3",0.233056795206543,0.254145173596871,0.18,0.194585357992859,0.0384714372136837
"prepared","mnar","mild","sector_3",0.130889646949623,0.106261910927898,0.18,0.194585357992859,-0.0636957110432364
"impaired","mnar","mild","sector_3",0.194332754047901,0.114063296801316,0.18,0.194585357992859,-0.000252603944958379
"prepared","mnar","severe","sector_3",0.120550954314836,0.104494679775823,0.18,0.194585357992859,-0.0740344036780232
"impaired","mnar","severe","sector_3",0.183906322886258,0.142091239010281,0.18,0.194585357992859,-0.0106790351066009
"prepared","noise","mild","sector_3",0.127655507765217,0.108538811590292,0.18,0.194585357992859,-0.0669298502276419
"impaired","noise","mild","sector_3",0.168690381022008,0.110212391635539,0.18,0.194585357992859,-0.0258949769708511
"prepared","noise","severe","sector_3",0.0552424140262293,0.10751070831768,0.18,0.194585357992859,-0.13934294396663
"impaired","noise","severe","sector_3",0.0716847365387069,0.105260506038183,0.18,0.194585357992859,-0.122900621454152
