"model_type","type","severity","stage","dgini_mean","dgini_sd","dbrier_mean","dbrier_sd","doe_mean","doe_sd","dks_mean","dks_sd"
"glm","impl","mild","prepared",-0.00554288833368715,0.00557124514646881,0.000566554215867448,0.000136933234252837,-0.0353871896404947,0.02172066705193,-0.000177925081585889,0.00788340421975472
"glm","impl","mild","impaired",-0.0137204566208936,0.0047330889527593,0.000727024615118452,9.67778591777019e-05,-0.00132056094188291,0.00855665622229363,-0.00638218345390978,0.00946413325201383
"glm","impl","severe","prepared",-0.0164552630135974,0.00645963738451677,0.000718130007025521,9.25320048495027e-05,-0.000137925916157589,0.0294019820332514,-0.0097459557287002,0.00960425758165732
"glm","impl","severe","impaired",-0.0138807224817058,0.00473064291083865,0.000729180017286961,9.12280216284321e-05,-0.00323422295810071,0.0119373723806932,-0.00720959473569714,0.00949651685663319
"glm","mar","mild","prepared",0.00161418497507069,0.00144896506277117,0.000376554614498203,9.54391028755352e-05,-0.137396598690756,0.0105340700038991,0.00237146164258812,0.0040322497098437
"glm","mar","mild","impaired",0.000334197057347496,0.000703883925072919,1.10963023252621e-05,9.91851316010395e-06,-0.00580406419038927,0.01184519950896,0.000612115174172528,0.00330411436488017
"glm","mar","severe","prepared",-0.000796565484078249,0.00166698863963761,0.000463799203616876,0.000127512730957828,-0.158233980923335,0.0121022820631371,0.000125648294424036,0.00402609954039783
"glm","mar","severe","impaired",-0.000428737875984542,0.00232591170938921,1.92680412313941e-05,2.12334650640111e-05,0.00427114068454949,0.0280504564207558,0.00094130597658148,0.00596468297697937
"glm","mcar","mild","prepared",0.00443895447928473,0.00186380478725718,0.000396961719630272,0.000103379061331314,-0.126206174830777,0.0148264786360551,0.00375900819199259,0.00400080826767635
"glm","mcar","mild","impaired",0.000106260152209936,0.00159463137360666,1.31959910215248e-05,1.84120114251597e-05,-0.00366011039029512,0.0224813378361299,-0.000624479466214906,0.00470716620698472
"glm","mcar","severe","prepared",0.00413335603607026,0.00205548583461853,0.000560334113322346,9.48216982448836e-05,-0.13006842961173,0.0184295629533207,0.00420118031718265,0.00432040643090442
"glm","mcar","severe","impaired",-0.00974233659035009,0.00344981379907698,6.63871400933911e-05,7.12033626603401e-05,0.0381537885139607,0.0367273719819848,-0.0101341876422216,0.00630841855577587
"glm","mnar","mild","prepared",0.00404924285058705,0.00175612449010722,0.000400763711356706,8.49695612552378e-05,-0.120348937015957,0.016024218716422,0.00474917523799841,0.00204808535599472
"glm","mnar","mild","impaired",0.00103745036186795,0.000797960012246382,3.74118957413853e-05,2.36856889520641e-05,0.0447572574161385,0.0304281307475015,0.000693650096685411,0.00416989616779054
"glm","mnar","severe","prepared",0.00408460328130205,0.00190057400995399,0.000453471321561608,7.52883215560029e-05,-0.113287188564332,0.0089377355848245,0.00471584025592539,0.00258057513593746
"glm","mnar","severe","impaired",0.000389541224087475,0.00271471972764454,0.000131525105445603,7.00219797241323e-05,0.143107819273867,0.0322043561266075,0.00122118527571474,0.00568036219018635
"glm","noise","mild","prepared",0.00402401178792882,0.00169524060587367,0.000232900850063135,3.13588861188719e-05,-0.0887685952884144,0.0104559844948634,0.0039447134237686,0.00402709453597689
"glm","noise","mild","impaired",0.00226043191686711,0.000871014667443051,3.49409412904535e-05,1.38467497853539e-05,0.0110264480487479,0.00205708169714616,0.00188196832110762,0.0040239431103067
"glm","noise","severe","prepared",0.00265833598370226,0.00298383059104381,0.000341870729634461,7.66712047330141e-05,-0.0171763897866475,0.00482602980481848,0.00390785456868578,0.0051857942381914
"glm","noise","severe","impaired",0.00314196917966576,0.00301978027188919,0.00029729993910696,6.69073077129506e-05,0.0271529902733391,0.00528857697438606,0.00377344636363331,0.00495935277626069
"xgboost","impl","mild","prepared",-0.0187878836131219,0.00515817739839109,0.000653863924017234,0.000162846044464317,0.0243455451481321,0.0328573461553828,-0.023945111295942,0.00787833059030696
"xgboost","impl","mild","impaired",-0.023898888997353,0.00470509762095485,0.000431209421224931,0.000115226368996963,0.00599029113181052,0.0245803353970443,-0.0307796027396819,0.008033149035818
"xgboost","impl","severe","prepared",-0.0648839434948846,0.00682594532436062,0.0010892880707244,0.000105822875525607,0.0333480679048581,0.0414952212337582,-0.0780630381717437,0.0140734623448885
"xgboost","impl","severe","impaired",-0.0580099999063732,0.00791068326208534,0.00109470565014937,0.000155372439462498,0.027407131299393,0.0372389386050918,-0.0714477489015337,0.0162787286254105
"xgboost","mar","mild","prepared",-0.00379902568765293,0.00464805771878069,0.000387880692323569,0.000118634237817988,-0.00224704548982476,0.0117605140871696,-0.00267085756696674,0.00905990628590068
"xgboost","mar","mild","impaired",-0.00559547529499256,0.00296642726388582,8.9514263024584e-05,6.85079840079253e-05,-0.00484336891467947,0.0120670096246528,-0.00783162980585012,0.0106146202497732
"xgboost","mar","severe","prepared",-0.0210119861809077,0.00661160547011447,0.000597081706855545,9.87188137025031e-05,0.00898850616341352,0.0323688479543574,-0.0273120826951924,0.00852296056706752
"xgboost","mar","severe","impaired",-0.0242104628317281,0.00615320499917352,0.000294482837415889,4.41930011252217e-05,0.00727829224222412,0.0306981532635505,-0.0310989544774441,0.00903772858555688
"xgboost","mcar","mild","prepared",-0.021327424549448,0.00610626709986078,0.000594482209663891,0.00014108036982207,-0.00587292177621236,0.0237964304446152,-0.0261480732202461,0.00779002952364845
"xgboost","mcar","mild","impaired",-0.0190645988754101,0.0042878978695671,0.000259121440828103,6.32673596068322e-05,-0.00312695915919304,0.0232205712500909,-0.0240683492045492,0.00980439601625293
"xgboost","mcar","severe","prepared",-0.0830590701030754,0.0095906055550448,0.00142441062626326,0.000140072342823558,0.0297942734879184,0.0450383251100437,-0.0961408127114841,0.0155315770540891
"xgboost","mcar","severe","impaired",-0.0842149962459747,0.00810778446556032,0.00109715265233703,9.75766732158546e-05,0.0498424428616316,0.0425273744320779,-0.10181502012026,0.0179630719265196
"xgboost","mnar","mild","prepared",-0.00270136854764018,0.00427348907202387,0.000664664837066192,0.000222813921743044,0.0442816969049323,0.0319955578092959,-0.00328086203013923,0.00651933339770733
"xgboost","mnar","mild","impaired",-0.00602660155514374,0.00335620523717051,0.000358064598869819,9.45873787829067e-05,0.0460032340743221,0.0314660318616313,-0.0103592950439385,0.00856711514677709
"xgboost","mnar","severe","prepared",-0.0126935518666274,0.00430189318190782,0.00116851264065838,0.000233493342132767,0.136862997454835,0.0253485903951665,-0.0153929366147749,0.0075132561177076
"xgboost","mnar","severe","impaired",-0.0203559368743196,0.00585198613370472,0.000792401373531525,0.00017831751947187,0.128183571719899,0.0270803956914257,-0.028126591545476,0.0112659627679878
"xgboost","noise","mild","prepared",-0.138486285802745,0.00787570353265771,0.00203406134900195,0.00017915061462078,0.0245714736559709,0.00934811027802459,-0.154471135012108,0.0148568209700086
"xgboost","noise","mild","impaired",-0.137280369556345,0.00826155402028146,0.00178908260235939,0.000177278740344964,0.0293650727593001,0.0115716807655127,-0.157940823989333,0.0127711772660348
"xgboost","noise","severe","prepared",-0.193315726238136,0.0129066051919898,0.00263160558097745,0.00016828046304251,0.0175019199826523,0.0325140419546718,-0.204487723261962,0.0165713176671201
"xgboost","noise","severe","impaired",-0.191604863503723,0.0131116257990082,0.00255012401677283,0.000202748418068498,0.0315858428198783,0.0312203692162678,-0.206922087803531,0.0194633735878457
